Element-Infused Rocket Helmet,192443,37877,42
Illimited Diamond,192871,20791,17
Pistachio,193071,21976,9
Rhinestone Sunglasses,193371,47601,207
Pattern: Toxic Thorn Footwraps,193869,26952,364
Pattern: Venom-Steeped Stompers,193883,27498,352
Chronocloth Reagent Bag,194020,27816,256
Crushed Stone,194083,529270,333
Pattern: Amice of the Blue,194255,46531,317
Pattern: Hood of Surging Time,194256,31820,364
Pattern: Temporal Spellthread,194262,109778,406
Plans: Frostfire Legguards of Preparation,194491,48888,338
Plans: Unstable Frostfire Belt,194492,75684,429
Plans: Black Dragon Touched Hammer,194503,88219,201
Plans: Alvin the Anvil,194508,449301,468
Design: Ring-Bound Hourglass,194640,367830,277
"Design: ""Rhinestone"" Sunglasses",194671,514924,289
Darkmoon Deck: Inferno,198086,87232,98
Darkmoon Deck: Rime,198087,58217,94
Darkmoon Deck: Dance,198088,58486,84
Darkmoon Deck: Watcher,198089,59524,87
Recipe: Timely Demise,198113,20785,391
Recipe: Filet of Fangs,198114,20856,422
Wyrmhole Generator,198156,20324,100
Environmental Emulator,198206,97979,200
Centralized Precipitation Emitter,198264,63672,388
Plans: Prototype Regal Barding Framework,198714,21590,449
Technique: Cliffside Wylderdrake: Triple Head Horns,198893,28750,336
Schematic: Khaz'gorite Fisherfriend,199234,171753,287
Razorwind Talisman,200161,22429,514
Khadgar's Disenchanting Rod,200469,26453,526
Petal,200927,30000,16
Scout,201441,230162,63
Pinkie,201703,100722,28
Troubled Tome,201707,45498,5
